Зебра в клеточку официальный ка;https://www.youtube.com/channel/UC4ozyeewhEmjvhH_1Q_yS4g;https://www.youtube.com/channel/UC4ozyeewhEmjvhH_1Q_yS4g;Мультфильмы
Енотки ;https://www.youtube.com/c/%D0%95%D0%BD%D0%BE%D1%82%D0%BA%D0%B8;https://youtube.com/channel/UCj4KDRwDGSh6qlQ2mpMw4PA;Мультфильмы
Монсики;https://www.youtube.com/channel/UC80a0clXZplwBtGCd-pw2ig ;https://www.youtube.com/channel/UC80a0clXZplwBtGCd-pw2ig ;Мультфильмы
Союзмультфильм;https://www.youtube.com/c/Soyuzmultfilm;https://youtube.com/channel/UCHS2LM1n3f5cyL-ebgkqyLw;Мультфильмы
Оранжевая корова;https://www.youtube.com/channel/UC8p4E9GyMy-3OdLFx0GswTQ;https://www.youtube.com/channel/UC8p4E9GyMy-3OdLFx0GswTQ;Мультфильмы
Cartoon Network Россия;https://www.youtube.com/c/cartoonnetworkru;https://youtube.com/channel/UCKTDayZg3-A55GqMy7h3BDQ;Мультфильмы
Буба Мультфильм для детей;https://www.youtube.com/c/BoobaCartoonRU;https://youtube.com/channel/UCoP1_wpRZj-qmmVUCGz3_Aw;Мультфильмы
TVSmeshariki;https://www.youtube.com/c/smeshariki;https://youtube.com/channel/UC5A-Wp9ujcr5g9sYagAafEA;Мультфильмы
Мультфильмы;https://www.youtube.com/channel/UCtV9MJJh8uErNje2amzl4DA  ;https://www.youtube.com/channel/UCtV9MJJh8uErNje2amzl4DA  ;Мультфильмы
Мультики;https://www.youtube.com/channel/UCoEl0fhXJDaoH-9rGUvf45w ;https://www.youtube.com/channel/UCoEl0fhXJDaoH-9rGUvf45w ;Мультфильмы
КОШЕЧКИ СОБАЧКИ;https://www.youtube.com/channel/UCsW-jp9u-iT6v4gVmnjdxeQ;https://www.youtube.com/channel/UCsW-jp9u-iT6v4gVmnjdxeQ;Мультфильмы
Лео и Тиг;https://www.youtube.com/channel/UCLT2huRdkMbs0_nciyp0Pbg;https://www.youtube.com/channel/UCLT2huRdkMbs0_nciyp0Pbg;Мультфильмы
Малышарики;https://www.youtube.com/c/malyshariki;https://youtube.com/channel/UCn8CnDy4-uzkxXzXPSzQZ0A;Мультфильмы
Карандаш;https://www.youtube.com/channel/UC5Oq9MHsqevsfIpp-e5Zksw;https://www.youtube.com/channel/UC5Oq9MHsqevsfIpp-e5Zksw;Мультфильмы
Bush Baby World Пушастики;https://www.youtube.com/channel/UCUT1XWGIx6MxWmtPsGYcBEg;https://www.youtube.com/channel/UCUT1XWGIx6MxWmtPsGYcBEg;Мультфильмы
Караоке для детей;https://www.youtube.com/c/TeremokKaraoke;https://youtube.com/channel/UCOZPhZevLZfdFRfQynflx8g;Детские
Котики Вперед;https://www.youtube.com/watch?v=CyAGGwKIp7E;https://www.youtube.com/watch?v=CyAGGwKIp7E;Мультфильмы
Мультимир Шоу;https://www.youtube.com/channel/UC9nZ41jInSWN49SS9-JwhnQ;https://www.youtube.com/channel/UC9nZ41jInSWN49SS9-JwhnQ;Детские
Mult Box TV;https://www.youtube.com/user/multboxtv;https://youtube.com/channel/UC0TXNBxANg6eVoVFVQqer6w;Мультфильмы
Помогатор;https://www.youtube.com/c/PomogatorTV;https://youtube.com/channel/UCQwhrUICcnNKKCDrw6SpHfQ;Детские
Приключения Пети и Волка;https://www.youtube.com/channel/UCrXdnHwwyvri5_HYeY689sw;https://www.youtube.com/channel/UCrXdnHwwyvri5_HYeY689sw;Мультфильмы
Go AstroBoy;https://www.youtube.com/c/GoAstroBoy;https://youtube.com/channel/UC5acq4uUqWzzAtz5_hQTqvw;Мультфильмы
Теремок Песенки для детей;https://www.youtube.com/c/TeremokSongs;https://youtube.com/channel/UCqZZoXlUEki3H7_GCQrw53A;Детские
Rainbow Junior Русский;https://www.youtube.com/c/RegalacademyRUS;https://youtube.com/channel/UCXEhy2ln1TRCDJqu4mtMouw;Детские
Белка и Стрелка;https://www.youtube.com/user/BelkaiStrelkaTV;https://youtube.com/channel/UCR5MHWsppEOak1jGTR3dJ2Q;Мультфильмы
Бодо Бородо;https://www.youtube.com/c/%D0%91%D0%BE%D0%B4%D0%BE%D0%91%D0%BE%D1%80%D0%BE%D0%B4%D0%BE;https://youtube.com/channel/UCpcsHUwpxO8tDqjoX4bzhWQ;Мультфильмы
Анимационная студия 100 киловат;https://www.youtube.com/c/%D0%90%D0%BD%D0%B8%D0%BC%D0%B0%D1%86%D0%B8%D0%BE%D0%BD%D0%BD%D0%B0%D1%8F%D1%81%D1%82%D1%83%D0%B4%D0%B8%D1%8F100%D0%BA%D0%B8%D0%BB%D0%BE%D0%B2%D0%B0%D1%82%D1%82;https://youtube.com/channel/UCxHKL2KViwth3fgnxdDvVCw;Мультфильмы
WB Kids International;https://www.youtube.com/c/WBKidsInternational;https://youtube.com/channel/UCwKa3PzQeReoqMqNkDgG-8w;Мультфильмы
Герои в масках PJ Masks ;https://www.youtube.com/channel/UCod_uqbL2UANhC0oC3qUpBA;https://www.youtube.com/channel/UCod_uqbL2UANhC0oC3qUpBA;Мультфильмы
D Billions На Русском;https://www.youtube.com/channel/UC6X7e7OYi44JpotGFHKr3YA;https://www.youtube.com/channel/UC6X7e7OYi44JpotGFHKr3YA;Детские
Ам Ням;https://www.youtube.com/c/omnomrus;https://youtube.com/channel/UC3xqEEkd-dIUZkQjOEQLsOQ;Мультфильмы
Томас и его друзья;https://www.youtube.com/c/ThomasAndFriendsRussia;https://youtube.com/channel/UCgBFmiWDbwg7Lm53vsanPLw;Мультфильмы
Первый Детский;https://www.youtube.com/c/DetiTV1;https://youtube.com/channel/UCFZLnAWs7zzAlsRwHXkiWwA;Детские
КАЛЯКА МАЛЯКА;https://www.youtube.com/c/kalyakamult;https://youtube.com/channel/UCiG0W88vIiJUPQdGIjqysMA;Детские
Паровозики из Чаггингтона;https://www.youtube.com/channel/UCIOwKErxRgAWecQrVVax2MA;https://www.youtube.com/channel/UCIOwKErxRgAWecQrVVax2MA;Мультфильмы
Теремок School;https://www.youtube.com/c/TeremokSchool;https://youtube.com/channel/UC6Df49Wle_y7PhDCZlBv5nw;Мультфильмы
Цветняшки;https://www.youtube.com/c/tsvetnyashki;https://youtube.com/channel/UCm_gLwr7Z9c1KErLbiXaIOQ;Мультфильмы
Riki STUDY;https://www.youtube.com/c/RikiSTUDY;https://youtube.com/channel/UCHl9xvLM-UJjj_bbtHhHmBA;Мультфильмы
Тайны медовой долины;https://www.youtube.com/channel/UCrzEb7UC2I4mhbnzeB_ZYZg;https://www.youtube.com/channel/UCrzEb7UC2I4mhbnzeB_ZYZg;Мультфильмы
Фиксики новые серии и сборники ;https://www.youtube.com/c/fixikinew;https://youtube.com/channel/UCh4LXQWe5NG1gCcZxZLMd7Q;Мультфильмы
Русские мультфильмы;https://www.youtube.com/channel/UCU06hfFzcBjQl9-Ih2SvpoQ ;https://www.youtube.com/channel/UCU06hfFzcBjQl9-Ih2SvpoQ ;Мультфильмы
Игрушки Gulliver;https://www.youtube.com/user/GulliverRu;https://youtube.com/channel/UCNRPp5VQ1snNDtl-2dv5A2Q;Блогеры
Аид VyacheslavOO ;https://www.youtube.com/c/VyacheslavOO;https://youtube.com/channel/UCPX53dr-NSKoXspKmXanbCw;Блогеры
Funny Family Games tv;https://www.youtube.com/channel/UC18k1PkmSegPj7DgDpHCk-Q;https://www.youtube.com/channel/UC18k1PkmSegPj7DgDpHCk-Q;Блогеры
Flazin;https://www.youtube.com/c/Flazin;https://youtube.com/channel/UCCxjEtqox7wP7PPMX8rACdg;Блогеры
Данкар;https://www.youtube.com/c/DanKar;https://youtube.com/channel/UCcvSMLuj0OcAASPsTyVlzBA;Блогеры
Котейка ТВ;https://www.youtube.com/c/%D0%9A%D0%BE%D1%82%D0%B5%D0%B9%D0%BA%D0%B0%D0%A2%D0%92;https://youtube.com/channel/UCZKx5cUp7uRB3v1Xf-VH2Eg;Детские
Dargas;https://www.youtube.com/c/Dargas;https://youtube.com/channel/UCSmqZkD74x3TLt6eRM5GhTg;Блогеры
Спайк Майнкрафт;https://www.youtube.com/c/SpikeGameChannel;https://youtube.com/channel/UCOAhzPSqIkrG7ICmT9TWj9w;Блогеры
LEV family SHOW RUS ;https://www.youtube.com/c/LEVfamilySHOWRUS;https://youtube.com/channel/UCfBtfDbuAH6tZnb-Q9EzauA;Блогеры
Candy Play TV Russian;https://www.youtube.com/channel/UCI4Rtxoht2s2ILzWYMFaRtQ;https://www.youtube.com/channel/UCI4Rtxoht2s2ILzWYMFaRtQ;Детские
ТОПЛЕС;https://www.youtube.com/user/toplesofficial;https://youtube.com/channel/UC2Ru64PHqW4FxoP0xhQRvJg;Блогеры
Мирошка ТВ;https://www.youtube.com/c/%D0%9C%D0%B8%D1%80%D0%BE%D1%88%D0%BA%D0%B0%D0%A2%D0%92%D0%A0%D0%BE%D1%81%D1%81%D0%B8%D1%8F;https://youtube.com/channel/UCUYA9nNP2Pgz5RF_oMvnqdQ;Блогеры
SlivkiShow;https://www.youtube.com/c/SlivkiChanel;https://youtube.com/channel/UCU_yU4xGT9hrVFo6euH8LLw;Блогеры
DadaZnay;https://www.youtube.com/channel/UCPGszP72q2M6s9UYYp_hZhw;https://www.youtube.com/channel/UCPGszP72q2M6s9UYYp_hZhw;Блогеры
Миллион Сюрпризов;https://www.youtube.com/channel/UCgfjL1enXKflahn2-b_fAFQ;https://www.youtube.com/channel/UCgfjL1enXKflahn2-b_fAFQ;Детские
Kinder Surprise Eggs Rustama;https://www.youtube.com/user/UnboxingSupriseEggs;https://www.youtube.com/user/UnboxingSupriseEggs;Блогеры
Лум Планет;https://www.youtube.com/c/%D0%9B%D1%83%D0%BC%D0%9F%D0%BB%D0%B0%D0%BD%D0%B5%D1%82;https://youtube.com/channel/UCy1D4WGprdBxv0FaC6IH-wg;Блогеры
Barvina;https://www.youtube.com/c/Barvina;https://youtube.com/channel/UCSkb4zJbsc3wM3_VN8VxzzA;Блогеры
Nikol CrazyFamily;https://www.youtube.com/channel/UC_DVkYrg5uDDEjLHx4bStig;https://www.youtube.com/channel/UC_DVkYrg5uDDEjLHx4bStig;Блогеры
ГЛЕНТ;https://www.youtube.com/c/%D0%93%D0%9B%D0%95%D0%9D%D0%A2%D0%98%D0%9A;https://youtube.com/channel/UCBYvr4SqfGQd5fTmOXVQ4Zw;Блогеры
It s Mamix;https://www.youtube.com/c/ItsMamix;https://youtube.com/channel/UCSF6ewY9LS8GnbphwvnZpUg;Блогеры
A4;https://www.youtube.com/c/A4a4a4a4;https://youtube.com/channel/UC2tsySbe9TNrI-xh2lximHA;Блогеры
Манкиту Сhannel;https://www.youtube.com/c/mankity;https://youtube.com/channel/UCQs_EpePwVeGqPT1sqTHz6w;Блогеры
Alice Mimi Lissa;https://www.youtube.com/c/%D0%9B%D1%8E%D0%B1%D0%B8%D0%BC%D1%8B%D0%B5%D0%9C%D1%83%D0%BB%D1%8C%D1%82%D1%8F%D1%88%D0%BA%D0%B8;https://youtube.com/channel/UCsIoBmCIpp62ikGuXA_4SoQ;Блогеры
My little Nastya;https://www.youtube.com/channel/UCPOxKewOHmwumtiIfFyhFaw;https://www.youtube.com/channel/UCPOxKewOHmwumtiIfFyhFaw;Блогеры
Super Senya RU;https://www.youtube.com/channel/UCTn9Vyy-3fzLIr0bqhIbNig;https://www.youtube.com/channel/UCTn9Vyy-3fzLIr0bqhIbNig;Блогеры
Диана и Рома на русском;https://www.youtube.com/channel/UCfPok_HASE_qFmIi_eikU9g;https://www.youtube.com/channel/UCfPok_HASE_qFmIi_eikU9g;Блогеры
Guka Family Show;https://www.youtube.com/channel/UCjTtxUhrLl5Arwv1k36MS-g;https://www.youtube.com/channel/UCjTtxUhrLl5Arwv1k36MS-g;Блогеры
OneDayAlex;https://www.youtube.com/channel/UCIDMp2rLX4G5C6eiypl9SFA;https://www.youtube.com/channel/UCIDMp2rLX4G5C6eiypl9SFA;Блогеры
SuperSofi;https://www.youtube.com/c/SuperSofi;https://youtube.com/channel/UC0UecwriAVVm0gyyEFpakDQ;Блогеры
Аминка Витаминка;https://www.youtube.com/c/%D0%90%D0%BC%D0%B8%D0%BD%D0%BA%D0%B0%D0%92%D0%B8%D1%82%D0%B0%D0%BC%D0%B8%D0%BD%D0%BA%D0%B0;https://youtube.com/channel/UCmCK7DVS30UnjZJq2McDuXA;Блогеры
MelliArt;https://www.youtube.com/c/Melliart;https://youtube.com/channel/UCd6xjtAsyhN6HfSw6lUSVMA;Блогеры
Mark Production;https://www.youtube.com/c/MarkProduction-video-for-kids;https://youtube.com/channel/UC33wRwkPyJ5H8HJNA2btSGQ;Блогеры
Nick Jr Россия;https://www.youtube.com/c/NickJrRussia;https://youtube.com/channel/UCSLZXHSv1aQDNeLN3GX6bew;Мультфильмы
Milusik Lanusik;https://www.youtube.com/c/MilusikLanusik;https://youtube.com/channel/UCE0juXWwPCEPdgHGAW91NtQ;Блогеры
Little Miss Sofia;https://www.youtube.com/c/LittleMissSofia;https://youtube.com/channel/UC3p6RnGpU0QQ_H7eYbnH2AA;Блогеры
DenLion TV;https://www.youtube.com/c/DenLionTV;https://youtube.com/channel/UCReKOr21TXvaWKQuIJ3Uh5g;Блогеры
Watch Me;https://www.youtube.com/c/Ksyusha_Makarova;https://youtube.com/channel/UCGTl_sQxago30b5vfoMomCg;Блогеры
Boys and Toys;https://www.youtube.com/c/BoysandToys;https://youtube.com/channel/UCWI7puXzGTPuxsoW2HD3XxQ;Блогеры
Family Box;https://www.youtube.com/channel/UC-jHNWViReG6R_kJ6b45FdQ;https://www.youtube.com/channel/UC-jHNWViReG6R_kJ6b45FdQ;Блогеры
Viki Show;https://www.youtube.com/c/VikiShow;https://youtube.com/channel/UCnm_vYgguleXm0FL4F2vejg;Блогеры
Влад и Никита;https://www.youtube.com/channel/UCppy4jafHu51iCMl-7qVbFA;https://www.youtube.com/channel/UCppy4jafHu51iCMl-7qVbFA;Блогеры
Давай поиграем в игрушки;https://www.youtube.com/c/%D0%94%D0%B0%D0%B2%D0%B0%D0%B9%D0%BF%D0%BE%D0%B8%D0%B3%D1%80%D0%B0%D0%B5%D0%BC%D0%B2%D0%B8%D0%B3%D1%80%D1%83%D1%88%D0%BA%D0%B8;https://youtube.com/channel/UCC-7t96Wrq1d5lwygxOvufQ;Детские
Ya Alisa;https://www.youtube.com/channel/UCVbPnm-qCjH-8Yl1-k4BQkA;https://www.youtube.com/channel/UCVbPnm-qCjH-8Yl1-k4BQkA;Блогеры
Трум Трум;https://www.youtube.com/c/TroomTroomRu;https://youtube.com/channel/UCq1JpGFxcZTbbOAz010U-og;Блогеры
Dima Kids TV;https://www.youtube.com/channel/UCb1WBEEfA4e6FOLOKAH5j8w;https://www.youtube.com/channel/UCb1WBEEfA4e6FOLOKAH5j8w;Блогеры
Super Polina;https://www.youtube.com/c/SuperPolina;https://youtube.com/channel/UCE76CBkDX591pxzps6bySOw;Блогеры
Super Senya;https://www.youtube.com/channel/UCjx0-lAtcB7pTxT6MaGPs9g;https://www.youtube.com/channel/UCjx0-lAtcB7pTxT6MaGPs9g;Блогеры
Vania Mania Kids;https://www.youtube.com/c/VaniaManiaKids;https://youtube.com/channel/UCLbyJSPEe2lx3jY-G0CFR3g;Блогеры
Познаватель;https://www.youtube.com/user/ThePoznavatel;https://youtube.com/channel/UCXTMoE1XgvxN4iCt5-gZzCw;Блогеры
 Kids Diana Show;https://www.youtube.com/c/KidsDianaShow;https://youtube.com/channel/UCk8GzjMOrta8yxDcKfylJYw;Блогеры
Like Nastya;https://www.youtube.com/channel/UCJplp5SjeGSdVdwsfb9Q7lQ;https://www.youtube.com/channel/UCJplp5SjeGSdVdwsfb9Q7lQ;Блогеры
Mister Max;https://www.youtube.com/c/MrMaxLife;https://youtube.com/channel/UC_8PAD0Qmi6_gpe77S1Atgg;Блогеры
Miss Katy;https://www.youtube.com/channel/UCcartHVtvAUzfajflyeT_Gg;https://www.youtube.com/channel/UCcartHVtvAUzfajflyeT_Gg;Блогеры
Eva Bravo Play;https://www.youtube.com/c/EvaBravoPlay;https://youtube.com/channel/UCvYhgH0hXziSz9IyPztzUug;Блогеры
 Kids Roma Show;https://www.youtube.com/c/KidsRomaShow;https://youtube.com/channel/UCx790OVgpTC1UVBQIqu3gnQ;Блогеры
ДиДи ТВ;https://www.youtube.com/c/DiDiTVkids;https://youtube.com/channel/UCvzT8SmXcjCRi5_GwFh_EzA;Детские
WildBrain Россия;https://www.youtube.com/channel/UC4xWkMItCt2TATqvvvWzriA;https://www.youtube.com/channel/UC4xWkMItCt2TATqvvvWzriA;Детские
My Little Pony Дружба это чудо ;https://www.youtube.com/c/FriendshipisMagicRU;https://youtube.com/channel/UCWaCaCyWgPk6uwKh66fl_0A;Мультфильмы
БэБизяка;https://www.youtube.com/c/%D0%91%D1%8D%D0%91%D0%B8%D0%B7%D1%8F%D0%BA%D0%B0;https://youtube.com/channel/UCWOLaDvygI5nPirySSuccSg;Детские
Говорящий Том и Друзья;https://www.youtube.com/c/TomFriendsRu;https://youtube.com/channel/UCnBTGpEQ3LGPW2Shh7fiabg;Мультфильмы
Детские песни с Майей и Машей R;https://www.youtube.com/channel/UCHCNmGxfaJ7hTuephkdTFvQ;https://www.youtube.com/channel/UCHCNmGxfaJ7hTuephkdTFvQ;Блогеры
Nickelodeon_Cyrillic;https://www.youtube.com/c/NickelodeonCyrillic;https://youtube.com/channel/UCw3vK8lNe5SZzL--rMgq-CQ;Мультфильмы
Baby Tunes Kids Channel;https://www.youtube.com/c/RikiMUSIC;https://youtube.com/channel/UC3_ZmN_g5Z_M6F-MrAxzyxg;Мультфильмы
BabyBus Песенки и Мультики для ;https://www.youtube.com/channel/UCYinbh7XE6-t6Y4jbY_YHGg;https://www.youtube.com/channel/UCYinbh7XE6-t6Y4jbY_YHGg;Детские
Теремок Kids;https://www.youtube.com/c/TeremokKids;https://youtube.com/channel/UCJi5zUBCBQZFqL6I1xD7e6w;Мультфильмы
Рыжий Ёжик ТВ;https://www.youtube.com/c/%D0%A0%D1%8B%D0%B6%D0%B8%D0%B9%D0%81%D0%B6%D0%B8%D0%BA%D0%A2%D0%92;https://youtube.com/channel/UCc8RgwA59B9q2mADjrMHD4A;Детские
Бурёнка Даша;https://www.youtube.com/c/burenkadasha;https://youtube.com/channel/UCJ4uWiSkmKUWb1Io8LNReBA;Мультфильмы
Царевны;https://www.youtube.com/c/tsarevny;https://youtube.com/channel/UCUWktU9yc1kitioCNS-U6hw;Мультфильмы
HomeAnimations Мультики про тан;https://www.youtube.com/c/HomeAnimations;https://youtube.com/channel/UC-Bc-4nV2-Tk4Af2rqrmrjA;Мультфильмы
Get Movies;https://www.youtube.com/c/getmovies;https://youtube.com/channel/UClZkHt2kNIgyrTTPnSQV3SA;Мультфильмы
Короткая анимация;https://www.youtube.com/c/DisneyShortAnimationRU;https://youtube.com/channel/UCzHZHO-Z_fR56iOpGWNgzfQ;Мультфильмы
Приключение Игрушек;https://www.youtube.com/channel/UCDZDmXlVV8wjuRSksAoFrNQ;https://www.youtube.com/channel/UCDZDmXlVV8wjuRSksAoFrNQ;Блогеры
Чёрный Кот;https://www.youtube.com/c/%D0%A7%D1%91%D1%80%D0%BD%D1%8B%D0%B9%D0%9A%D0%BE%D1%82_%D0%9B%D0%B5%D0%B4%D0%B8_%D0%91%D0%B0%D0%B3;https://youtube.com/channel/UCjKeB4yZcP08HwjOuRKq7Zw;Блогеры
Клуб Винкс Русский;https://www.youtube.com/user/WinxClubRU;https://youtube.com/channel/UC0qdC1vMmbGmaV7Ai6oL6FA;Мультфильмы
Бернард;https://www.youtube.com/user/TVBernardBear;https://youtube.com/channel/UCtAAeu2o-G2bspc0d2s6h9A;Мультфильмы
МиниМи;https://www.youtube.com/c/MiniMeChannel;https://youtube.com/channel/UCuwd8ZUcKRyFmIR7t4omhtQ;Блогеры
Маленькое королевство Бена и Хо;https://www.youtube.com/c/BenHollyRUS;https://youtube.com/channel/UC5qeF23PzxAZH8LYCqQrHSA;Мультфильмы
ТВ Деткам;https://www.youtube.com/c/tvdetkamRU;https://youtube.com/channel/UC_J_9-qRfVtKIkq7SxxVbhQ;Детские
Три кота;https://www.youtube.com/c/%D0%A2%D1%80%D0%B8%D0%9A%D0%BE%D1%82%D0%B0;https://youtube.com/channel/UCBZNnwQOBirwpeWncqTj_KQ;Мультфильмы
NaStik;https://www.youtube.com/c/NaStik4U;https://youtube.com/channel/UCCkG_UbtkgyIM38u_9SwdbA;Блогеры
Игрушкин ТВ;https://www.youtube.com/c/%D0%98%D0%B3%D1%80%D1%83%D1%88%D0%BA%D0%B8%D0%BD%D0%A2%D0%92;https://youtube.com/channel/UCVF9-aelWI3oGRtmIKZueaA;Детские
TaDaBoom песенки для детей;https://www.youtube.com/c/mashamusic;https://youtube.com/channel/UCYdtrIg2mfi8KkfNQUmQZoQ;Детские
Жила была Царевна;https://www.youtube.com/c/%D0%96%D0%B8%D0%BB%D0%B0%D0%B1%D1%8B%D0%BB%D0%B0%D0%A6%D0%B0%D1%80%D0%B5%D0%B2%D0%BD%D0%B0;https://youtube.com/channel/UC_sl0iB9sVbKmc7YJdQA78w;Мультфильмы
ЧУДДИКИ На Русском;https://www.youtube.com/c/%D0%A7%D0%A3%D0%94%D0%94%D0%98%D0%9A%D0%98%D0%9D%D0%B0%D0%A0%D1%83%D1%81%D1%81%D0%BA%D0%BE%D0%BC;https://youtube.com/channel/UCReZO-Jic9ilonVr0qyxEqQ;Мультфильмы
Волшебство ТВ;https://www.youtube.com/c/%D0%92%D0%BE%D0%BB%D1%88%D0%B5%D0%B1%D1%81%D1%82%D0%B2%D0%BE%D0%A2%D0%92;https://youtube.com/channel/UCkSuRQb0oa3R6jGcbBkhM2w;Детские
ЛЕДИ БАГ И СУПЕР КОТ официальны;https://www.youtube.com/c/%D0%9B%D0%95%D0%94%D0%98%D0%91%D0%90%D0%93%D0%98%D0%A1%D0%A3%D0%9F%D0%95%D0%A0%D0%9A%D0%9E%D0%A2%D0%BE%D1%84%D0%B8%D1%86%D0%B8%D0%B0%D0%BB%D1%8C%D0%BD%D1%8B%D0%B9%D0%BA%D0%B0%D0%BD%D0%B0%D0%BB;https://youtube.com/channel/UCT4p4B8sRyKPgraEmiIU1qg;Мультфильмы
Свинка Пеппа Русский Официальны;https://www.youtube.com/c/PeppaPigRUS;https://youtube.com/channel/UCnenDeyXGv5IRYsa3QAGdhQ;Мультфильмы
Мульт;https://www.youtube.com/c/kanalmult;https://youtube.com/channel/UCM3vklq_KgWZDmbfg_0Yg_A;Мультфильмы
KEDOO МУЛЬТИКИ для детей;https://www.youtube.com/channel/UCwMABIDNcqe2GS_Sm2jHKGg;https://www.youtube.com/channel/UCwMABIDNcqe2GS_Sm2jHKGg;Мультфильмы
КУКУТИКИ Детские песенки и муль;https://www.youtube.com/c/kukutiki;https://youtube.com/channel/UCwQVH2MqlzxN7t8ADcyFHHQ;Блогеры
Капуки Кануки;https://www.youtube.com/c/kapukikanuki;https://youtube.com/channel/UCBNXKrniCm4Qd9v5tTzY-aA;Блогеры
Анимационные сериалы;https://www.youtube.com/user/KanalDisneyCartoons;https://youtube.com/channel/UCmZx3uP8kvCIBMAONQiAvbw;Мультфильмы
Маша и Медведь;https://www.youtube.com/c/MashaMedvedTV;https://youtube.com/channel/UCRv76wLBC73jiP7LX4C3l8Q;Мультфильмы
Рики;https://www.youtube.com/c/riki;https://youtube.com/channel/UCif9J_f4J3TTvGvCDD3eXSA;Мультфильмы
Анимашка Познавашка;https://www.youtube.com/c/AnimashkaPoznavashka;https://youtube.com/channel/UC4CTm7doaYjWVzqLZnRZxZg;Детские
Классные Мультики;https://www.youtube.com/channel/UCekJYjb2Eqkj7dSmpGl9KUA;https://www.youtube.com/channel/UCekJYjb2Eqkj7dSmpGl9KUA;Мультфильмы
Развивайки обучайки Наше ВСЁ ;https://www.youtube.com/c/fochelru;https://youtube.com/channel/UCEeeo3Ckg4mXuZkyY1RiTrQ;Блогеры
Дима и Машинки;https://www.youtube.com/channel/UCkGNWmHn8hqmjVG7_LWKiIg;https://www.youtube.com/channel/UCkGNWmHn8hqmjVG7_LWKiIg;Блогеры
Истории Игрушек;https://www.youtube.com/channel/UCGQNW9upk4XISvqenuMbGFQ;https://www.youtube.com/channel/UCGQNW9upk4XISvqenuMbGFQ;Блогеры
CARTOONS WORLD;https://www.youtube.com/channel/UC1pGFxp673TSQ3DySNWdRYQ;https://www.youtube.com/channel/UC1pGFxp673TSQ3DySNWdRYQ;Мультфильмы
Мультфильмы Серия Kids Cartoons;https://www.youtube.com/channel/UC-C8a01ToQqaNCozQbNa9pg;https://www.youtube.com/channel/UC-C8a01ToQqaNCozQbNa9pg;Мультфильмы
Анимационные сериалы MARVEL;https://www.youtube.com/c/MarvelAnimationRU;https://youtube.com/channel/UCeGcncQ8m7b1gIco3b9sosQ;Мультфильмы
Три богатыря;https://www.youtube.com/c/TriBogatirya;https://youtube.com/channel/UCVXEfYCFdyQ9nkoNJY-uYWA;Мультфильмы
Теремок ТВ;https://www.youtube.com/c/TeremokTV;https://youtube.com/channel/UCxWkNmkeAL52VTJyBlIJRXw;Мультфильмы
СИНИЙ ТРАКТОР Детские песенки и;https://www.youtube.com/user/bluetractortv;https://youtube.com/channel/UCAC2gMyB4R2hCBTU3nitSCg;Мультфильмы
Kids Tv Russia песенки для дете;https://www.youtube.com/c/KidsTvRussia;https://youtube.com/channel/UCfeljpDR__qqp-lLBJdiQkw;Детские
Киножурнал Ералаш;https://www.youtube.com/c/eralash;https://youtube.com/channel/UC0u6gAESA0XmSJQaAyDTTVg;Детские
Грузовичок Лева;https://www.youtube.com/c/LeotheTruckRU;https://youtube.com/channel/UCOnNVIVad4EqpkrNwzFKwzA;Мультфильмы
Про Миру и Гошу;https://www.youtube.com/c/MiraGosha;https://www.youtube.com/channel/UCDL9XukzFVU7rfOS6-m-EHQ;Мультфильмы
Доброе утро с Микки;https://www.youtube.com/c/KanalDisneyUznavaika;https://youtube.com/channel/UCR0s2TFN6dp4BuF9pp-M_JQ;Мультфильмы
HeyKids Песни Для Детей;https://www.youtube.com/channel/UCBrV_is2j-XaQShG36QtEKQ;https://www.youtube.com/channel/UCBrV_is2j-XaQShG36QtEKQ;Детские
Teremok Baby;https://www.youtube.com/c/TeremokBaby;https://youtube.com/channel/UCQYY7FZ_Xph6HaYZtKaE-HA;Мультфильмы
Мультики студии Союзмультфильм;https://www.youtube.com/c/ClassicCartoonsMedia;https://youtube.com/channel/UCrlFHstLFNA_HsIV7AveNzA;Мультфильмы
Котёнок Котэ Песенки и мультики;https://www.youtube.com/c/kotetv;https://youtube.com/channel/UCqHyqb1DqKbQ1pq6_84ZVYw;Мультфильмы
Kedoo Toons TV Funny Animations;https://www.youtube.com/c/RussianAnimationTV;https://youtube.com/channel/UCniI-BQk7qAtXNmmz40LSdg;Мультфильмы
Барбоскины;https://www.youtube.com/c/barboskinyonline;https://youtube.com/channel/UC2el0G8cIcOOdjlHy2KOBkQ;Мультфильмы
Лунтик;https://www.youtube.com/user/luntik;https://youtube.com/channel/UCdgDIIKpFlpHB1L0LZnh5EQ;Мультфильмы
Фиксики;https://www.youtube.com/c/fixiki_official;https://youtube.com/channel/UCs_uv3QyUIQjBoL1Ij5BdlQ;Мультфильмы
Masha and The Bear;https://www.youtube.com/c/MashaBearEN;https://youtube.com/channel/UCu59yAFE8fM0sVNTipR4edw;Мультфильмы
ЕГОРИК;https://www.youtube.com/channel/UCUHQKxU-_DWsrwBxlKWgsew;https://www.youtube.com/channel/UCUHQKxU-_DWsrwBxlKWgsew;Блогеры
